{"guestbooks":{"http://www.google.com":[{"url":"default","content":"Humor works. 140 characters is well suited to the snarky jab, the aphorism, the epigram. Brevity is, after all, the soul of wit. And Tweets.","date":"Jul 15, 2014 4:34:10 PM","author":"an anonymous user"},{"url":"default","content":"12345","date":"Jul 15, 2014 1:25:21 PM","author":"an anonymous user"},{"url":"default","content":"1234","date":"Jul 15, 2014 1:25:19 PM","author":"an anonymous user"},{"url":"default","content":"123","date":"Jul 15, 2014 1:25:17 PM","author":"an anonymous user"},{"url":"default","content":"Testing pages","date":"Jul 15, 2014 1:25:15 PM","author":"an anonymous user"},{"url":"default","content":"testing the default","date":"Jul 11, 2014 11:44:55 PM","author":"an anonymous user"}],"http://www.google.com":[{"url":"http://www.google.com","content":"This is a google gist","date":"Jul 16, 2014 11:26:10 PM","author":"an anonymous user"},{"url":"http://www.google.com","content":"Test google","date":"Jul 11, 2014 11:49:58 PM","author":"an anonymous user"}]},"userServiceInfo":{"loginUrl":"/_ah/login?continue\u003d%2F","logoutUrl":"/_ah/logout?continue\u003d%2F"}}
