{
  "name": "angular-carousel",
  "description": "Angular Carousel - Mobile friendly touch carousel for AngularJS",
  "version": "0.2.3",
  "homepage": "http://revolunet.github.com/angular-carousel",
  "author": "Julien Bouquillon <julien@revolunet.com>",
  "repository": {
    "type": "git",
    "url": "git://github.com/revolunet/angular-carousel.git"
  },
  "main": [
    "dist/angular-carousel.js",
    "dist/angular-carousel.css"
  ],
  "ignore": [
    "demo"
  ],
  "dependencies": {
    "angular": "~1.2.10",
    "angular-touch": "~1.2.10"
  },
  "devDependencies": {
    "angular-mocks": "~1.2.10"
  },
  "_release": "0.2.3",
  "_resolution": {
    "type": "version",
    "tag": "0.2.3",
    "commit": "5c81f12453b7705233708095f12f75d3466920f4"
  },
  "_source": "git://github.com/revolunet/angular-carousel.git",
  "_target": "~0.2.3",
  "_originalSource": "angular-carousel",
  "_direct": true
}